<?xml version="1.0" encoding="UTF-8"?>
   <Configuration status="WARN">
       <Appenders>
           <Console name="Console" target="SYSTEM_OUT">
               <PatternLayout pattern="%d{HH:mm:ss.SSS} [%t] %-5level %logger{36} - %msg%n"/>
           </Console>
           <File name="File" fileName="logs/Hanuman.log">
               <PatternLayout pattern="%d{yyyy-MM-dd HH:mm:ss.SSS} [%t] %-5level %logger{36} - %msg%n"/>
           </File>
       </Appenders>
       <Loggers>
           <Root level="ALL">
               <AppenderRef ref="Console"/>
               <AppenderRef ref="File"/>
           </Root>
       </Loggers>
   </Configuration>